Title,Price
"OCOOPA Magnetic Hand Warmers Rechargeable 2 Pack, Electric Handwarmers, Smart Heating UL Certified, 3-Settings,Portable Heater, Ultra Slim Pocket, Hunting Essentials, Gifts for Christmas Men, UT3 Lite","15.99$"
"Candle Warmer Lamp with Timer Dimmable, Birthday Gifts for Women Mom, House Warming Gifts New Home Decor, Wax Melt Warmer for Jar Candles with 2 Bulbs","20.79$"
"TEHOOK Warm & Cozy Gifts for Women, Stocking Stuufers, Fluffy Fuzzy Plush Sleeping Slipper Socks - Soft Warm Fabric","8.49$"
"RENPHO Electric Heating Pad for Back, Birthday Christmas Gifts for Women Men Mom Dad Elderly, FSA Eligible Items Only List, Large Heat Pad for Neck Shoulders, 24""x33"", ETL Certified, Gray","37.99$"
"LEGO Botanicals Happy Plants Building Toys - Bedroom or Dorm Room Decor for Girls, Boys, & Adults, Desk or Shelf Display - Stocking Stuffers & Gift for Christmas - 10349","18.39$"
"Stanley IceFlow Flip Straw Tumbler with Handle | Twist On Lid and Flip Up Straw | Leak Resistant Water Bottle | Insulated Stainless Steel | BPA-Free","26.25$"
"Crock-Pot 20-Ounce Electric Lunch Box, Portable Food Warmer, Faded Blue, Perfect for Travel, Car, On-the-Go, Keeps Food Warm, Spill-Free, Dishwasher-Safe, Ideal Gift for Men and Women","29.99$"
"Laneige Skincare & Lip Care Holiday Gift Sets – Lip Mask, Water Bank, Lip Glowy Balm – Beauty Essentials for Gifting & Self-Care","14.70$"
"Urban Accents Movie Night Popcorn Gift Set – Includes 3 Gourmet Popcorn Kernel Varieties & 5 Flavorful Seasonings – Perfect Snack Gift Box for Parties, Holidays, or Movie Lovers","21.95$"
"Bedsure GentleSoft White Throw Blanket for Couch - Cozy Blanket for Women, Cute Fleece Throw for Girls, Christmas Birthday Gifts for Women Men Teen, Room Home Boho Fall Decor, Off White, 50x60 Inches","11.72$"
"Amazon Basics Vibrant Fabric Markers, Assorted Colors, 8-Pack","5.36$"
"Movie and TV Crossword Puzzles: Hollywood, Actors, Shows, & Series. Trivia, Facts, and Fun Activity.","14.99$"
"The Ultimate Book of Facts About Everything: Science, Animals, History, World Records, Inventions, Sports, Pop Culture, Technology, Space, Language, and More!","12.79$"
"Learn A Lot While You Sit On The Pot: Fascinating Trivia and Fun Facts About Science, History, Sports, Pop Culture, Technology, Mind Puzzles, and So Much More!","11.26$"
"JBL Go 3 - Portable Mini Bluetooth Speaker, big audio and punchy bass, IP67 waterproof and dustproof, 5 hours of playtime, speaker for home, outdoor and travel (Black)","29.95$"
"Nostalgia Tabletop Indoor Electric S'mores Maker - Smores Kit With Marshmallow Roasting Sticks and 4 Trays for Graham Crackers, Chocolate, and Marshmallows - Movie Night Supplies - Brown","23.99$"
"AERLANG Shiatsu Back and Neck Massager, Back Massager Deep Tissue Kneading Neck and Shoulder Massage with Heat, Electric Massage Pillow Fathers Day Gift Ideas from Daughter Son(NOT Cordless)","25.99$"
"Buddha Board – The Original Water Painting Board for Mindfulness & Creativity – Unique Gift for Artists, Adults & Kids – Mess-Free Zen Art Supplies","27.96$"
"Rare and Unusual Knowledge: Extraordinary Facts About Everyday Things (Facts and Knowledge)","14.99$"
"50 States, 5,000 Ideas: Where to Go, When to Go, What to See, What to Do","12.21$"
"How To Survive A Freakin’ Bear Attack: And 127 Other Survival Hacks You'll Hopefully Never Need","10.65$"
"Baby Boomer Crossword Puzzles: 1950s, 1960s, 1970s, 1980s - Music, TV, Movies, Sports and People","14.99$"
"The Book of Unusual Knowledge: Big Book of Fascinating Facts & Information | Hardcover Gift for Trivia Buffs, Curious Minds, Adults, Dad & Knowledge Seekers","10.00$"
"Luna Bean Hand Casting Kit – The Original Hand Mold Kit for Couples – Christmas Gifts for Women, Bridal Shower, Wedding, Engagement Gifts Her Him Anniversary Men Mom Wife Husband Boyfriend Girlfriend","28.40$"
"Laser Tag Set of 2, Lazer Tag Game for Kids Indoor & Outdoor Play, Gift Ideas for Kids Teens and Adults, Cool Toys for Teenage Ages 8 9 10 11 12+Year Old Boy & Girls","25.40$"
"LEGO Botanicals Mini Orchid Building Set - Artificial, Fake Orchid for Home Decor, Adults Ages 18+ - Gift for Birthdays - Indoor Plant Decorations for Table, Desk, Office - 10343","23.95$"
"The Book For Men Who Have Everything: Unusual Knowledge and Boredom Busters for Intelligent Men","13.79$"
"Interesting Stories For Curious People: A Collection of Fascinating Stories About History, Science, Pop Culture and Just About Anything Else You Can Think of","6.78$"
"The Ultimate Sports Trivia Book: A Collection of Fascinating Stories, Amazing Trivia Quizzes and Fun Facts for Sports Lovers!","12.79$"
"20th Century Crossword Puzzles: LARGER PRINT - 1900-1999 - Movies, TV, Sports, Pop Culture, Music & History","14.99$"
"Flower Candle Warmer Lamp with Timer, Dimmable Candle Lamp Warmer, Christmas Birthday Gift for Women Mom, House Warming for New Home Decor, Lotus Wax Melt Warmer for Jar Candles","17.58$"
"LUCOTIYA Gifts for Women, Christmas Gifts Basket for Woman Birthday Wine Tumbler Self Care Package Gift for Mom, Bestie, Her, Sister, Wife, Auntie Thank You Gift for Women Teacher Appreciation","14.44$"
"Thanksgiving Nuts Gift Basket - Assortment of Sweet & Roasted Salted Gourmet Nuts - Assorted Food Gift Box for Christmas, Holiday, Family, Sympathy, Men & Women.","25.45$"
"Chocolate Gift Basket, Candy Food Gifts Arrangement Platter, Gourmet Snack Box, Thanksgiving, Christmas, Holiday Present Idea, Corporate Him & Her, Men Women Sympathy Family Parties & Get Well- Bonnie & Pop","38.99$"
"Burt's Bees Christmas Gifts - Essentials Everyday Set, 5 Travel Size Products for Stocking Stuffers - Deep Cleansing Cream, Hand Salve, Body Lotion, Foot Cream and Original Lip Balm","9.10$"
"Veken 8 Set Packing Cubes, Christmas Gifts for Women Mom Girl Her Birthday, Cruise Ship Travel Essentials Accessories for Beach Vacation, Suitcase Organizer Bags for Luggage with Hanging Toiletry Bag","12.99$"
"STANLEY Perfect Brew Pour Over Set | 12 oz Camp Mug with Lid Included | Drip Coffee Maker with Reusable Filter | Insulated Stainless Steel | BPA-Free | Hammertone Green","33.69$"
"Burt's Bees Christmas Gifts - Tips and Toes Kit, 6 Travel Size Products for Stocking Stuffers - Pomegranate Moisturizing Lip Balm, 2 Hand Creams, Foot Cream, Cuticle Cream, and Hand Salve","10.45$"
"From Crook to Cook: Platinum Recipes from Tha Boss Dogg's Kitchen (Snoop Dogg Cookbook, Celebrity Cookbook with Soul Food Recipes)","14.16$"
"Roblox Digital Gift Card - 1,000 Robux [Includes Exclusive Virtual Item] [Digital Code]","10.00$"
"Roblox Digital Gift Card - 2,500 Robux [Includes Exclusive Virtual Item] [Digital Code]","25.00$"
"60 Positive Pickle Cards Jar, Stocking Stuffers, Xmas Christmas White Elephant Gifts For Teenage, Women, Adults, Mom, Teachers, Sisters, Friends, Teen Girl Gifts Trendy Stuff","9.99$"
"RUNBOX Wallet for Men Slim Rfid Leather 2 ID Window With Gift Box","14.62$"
"Burt's Bees Gifts Ideas - Classics Set, 6 Products in Giftable Tin – Cuticle Cream, Hand Salve, Lip Balm, Res-Q Ointment, Hand Repair and Foot Cream","17.50$"
"Poop and Learn: Useless Facts for Your Time on the Throne | Funny Toilet Book | Perfect Gag Gift For Curious Minds","14.99$"
"Victoria's Secret Bare Vanilla Mini Fragrance Duo Gift Set, Notes of Soft Cashmere","No price$"
"Rolife DIY Miniature Greenhouse Kit, Tiny/Mini House Making Kit with Furniture for Adults, Furniture, Halloween/Christmas Decorations, Gifts for Family and Friends (Cathy's Greenhouse)","33.59$"
"Carhartt Camping Cooler, Worksite Lunchbox, Soft Shell Lunch Bag for Construction Sites, Work and Everyday Use, Brown","26.84$"
"Spa Luxetique Spa Gifts for Women 6pc Vanilla Bath Sets Women Gift With Body Lotion, Shower Gel, Bubble Bath, Hand Cream, Bath and Body Gifts Set, Christmas Gifts","14.43$"
"STANLEY Quencher H2.0 Tumbler with Handle and Straw 30 oz | Flowstate 3-Position Lid | Cup Holder Compatible for Travel | Insulated Stainless Steel Cup | BPA-Free | Lilac","40.00$"
"DEWALT Wearable Bluetooth Speaker (Updated Version), Clip-On Wireless Jobsite Pro Water-Resistant Portable Speaker (Non-Magnetic), Built-in Mic for Hands-Free Music/Calls, Bluetooth Speaker (Yellow)","46.06$"
"Carhartt Men's Loose Fit Midweight Logo Sleeve Graphic Sweatshirt","44.99$"
"LEGO Botanicals Mini Bonsai Trees Building Set - Artificial Bonsai Tree Building Blocks for Adults, Ages 18+ - DIY Home and Office Decor for Men and Women - Gift for Christmas - 10373","44.99$"
"Amazon Physical Gift Card in a Gift Box","No price$"
"NIVEA Lip Care, Fruity Tinted Lip Balm Variety Pack, Holiday Lip Balm Gifts for Her, With Cherry, Strawberry, Blackberry and Watermelon Flavors, 0.17 Oz Stick, Pack of 4","6.59$"
"Cozy Slippers for Women Indoor and Outdoor Fuzzy House Shoes with Memory Foam Anti-Skid Sole Gifts for Women Mom Ladies","9.49$"
"DSS Games You Laugh You're Out [Try Not to Laugh Family Card Game for Adults & Teens | White Elephant Gift for Adults | 125 Prompt Fun Cards for Family Game Nights, Thanksgiving, & Parties Ages 14+]","13.99$"
"Dr. Scholl's® Tired, Achy Feet Soothing & Reviving Foot Mask, 3 Pair, Warming Booties","8.81$"
"Kendra Scott Elisa Pendant Necklace for Women, Fashion Jewelry, 14k Gold-Plated","39.99$"
"Bedsure GentleSoft Sage Green Throw Blanket for Couch - Checkered Fleece Blankets Christmas Gifts for Women Men Girls, Cute Soft Cozy Throw for Bedroom Home Decor Gifts, 50x60 Inches","12.82$"